<root>
    <name>TelegramBot</name>
    <key>telegrambot</key>
    <state>stable</state>
    <logo>https://raw.githubusercontent.com/pluginsGLPI/telegrambot/master/telegrambot.png</logo>
    
    <description>
        <short>
            <en>TelegramBot GLPI plugin.</en>
        </short>
        <long>
            <en>
                Telegram bot for GLPI.
                <video>Video Preview: https://youtu.be/TKqIpIaAIAE</video>
            </en>
        </long>
    </description>
    
    <homepage>https://github.com/pluginsGLPI/telegrambot</homepage>
    <download>https://github.com/pluginsGLPI/telegrambot/releases</download>
    <issues>https://github.com/pluginsGLPI/telegrambot/issues</issues>
    <readme>https://github.com/pluginsGLPI/telegrambot/blob/master/README.md</readme>
    
    <authors>
        <author>Truly Systems</author>
    </authors>
    
    <versions>
        <version>
            <num>2.0.0</num>
            <compatibility>9.2</compatibility>
        </version>
    </versions>
    
    <langs>
        <lang>en_GB</lang>
    </langs>
    
    <license>GPL V3+</license>
    
    <tags>
        <en>
            <tag>Telegram</tag>
            <tag>Bot</tag>
            <tag>Notification</tag>
            <tag>Message</tag>
        </en>
    </tags>
    
    <screenshots>
        <screenshot>https://raw.githubusercontent.com/pluginsGLPI/telegrambot/master/screenshots/screenshot1.png</screenshot>
        <screenshot>https://raw.githubusercontent.com/pluginsGLPI/telegrambot/master/screenshots/screenshot2.png</screenshot>
        <screenshot>https://raw.githubusercontent.com/pluginsGLPI/telegrambot/master/screenshots/screenshot3.png</screenshot>
        <screenshot>https://raw.githubusercontent.com/pluginsGLPI/telegrambot/master/screenshots/screenshot4.png</screenshot>
        <screenshot>https://raw.githubusercontent.com/pluginsGLPI/telegrambot/master/screenshots/screenshot5.png</screenshot>
    </screenshots>
</root>
